,Unnamed: 0,Gene1,Gene2,Keywords,Direct dependency relations,INO Type,INO ID,Num. Keywords,Sentence,Prompts
0,0,KinC,Spo0A~P,"responsible, production","nmod(responsible, production)",regulation of translation,INO_0000034,2,"In vivo studies of the activity of four of the kinases, KinA, KinC, KinD (ykvD) and KinE (ykrQ), using abrB transcription as an indicator of Spo0A~P level, revealed that KinC and KinD were responsible for Spo0A~P production during the exponential phase of growth in the absence of KinA and KinB.","What is the keyword that represents the  interaction between the proteins KinC and Spo0A~P in the given sentence? In vivo studies of the activity of four of the kinases, KinA, KinC, KinD (ykvD) and KinE (ykrQ), using abrB transcription as an indicator of Spo0A~P level, revealed that KinC and KinD were responsible for Spo0A~P production during the exponential phase of growth in the absence of KinA and KinB. Keywords: responsible, production"
1,1,KinD,Spo0A~P,"responsible, production","nmod(responsible, production)",regulation of translation,INO_0000034,2,"In vivo studies of the activity of four of the kinases, KinA, KinC, KinD (ykvD) and KinE (ykrQ), using abrB transcription as an indicator of Spo0A~P level, revealed that KinC and KinD were responsible for Spo0A~P production during the exponential phase of growth in the absence of KinA and KinB.","What is the keyword that represents the  interaction between the proteins KinD and Spo0A~P in the given sentence? In vivo studies of the activity of four of the kinases, KinA, KinC, KinD (ykvD) and KinE (ykrQ), using abrB transcription as an indicator of Spo0A~P level, revealed that KinC and KinD were responsible for Spo0A~P production during the exponential phase of growth in the absence of KinA and KinB. Keywords: responsible, production"
2,2,sigma(A),spoIIG,"transcription, depends","nsubj(depends, transcription)",regulation of transcription,INO_0000032,2,"In this mutant, expression of the spoIIG gene, whose transcription depends on both sigma(A) and the phosphorylated Spo0A protein, Spo0A~P, a major transcription factor during early stages of sporulation, was greatly reduced at 43 degrees C.","What is the keyword that represents the  interaction between the proteins sigma(A) and spoIIG in the given sentence? In this mutant, expression of the spoIIG gene, whose transcription depends on both sigma(A) and the phosphorylated Spo0A protein, Spo0A~P, a major transcription factor during early stages of sporulation, was greatly reduced at 43 degrees C. Keywords: transcription, depends"
3,3,Spo0A,spoIIG,"transcription, depends","nsubj(depends, transcription)",regulation of transcription,INO_0000032,2,"In this mutant, expression of the spoIIG gene, whose transcription depends on both sigma(A) and the phosphorylated Spo0A protein, Spo0A~P, a major transcription factor during early stages of sporulation, was greatly reduced at 43 degrees C.","What is the keyword that represents the  interaction between the proteins Spo0A and spoIIG in the given sentence? In this mutant, expression of the spoIIG gene, whose transcription depends on both sigma(A) and the phosphorylated Spo0A protein, Spo0A~P, a major transcription factor during early stages of sporulation, was greatly reduced at 43 degrees C. Keywords: transcription, depends"
4,4,SigE,ydhD,"transcription, dependent","nsubj(dependent, transcription)",regulation of transcription,INO_0000032,2,"Transcription of ydhD was dependent on SigE, and the mRNA was detectable from 2 h after the cessation of logarithmic growth (T2 of sporulation).","What is the keyword that represents the  interaction between the proteins SigE and ydhD in the given sentence? Transcription of ydhD was dependent on SigE, and the mRNA was detectable from 2 h after the cessation of logarithmic growth (T2 of sporulation). Keywords: transcription, dependent"
5,5,SigK,ykuD,transcribed,ONE WORD,regulation of transcription,INO_0000032,1,ykuD was transcribed by SigK RNA polymerase from T4 of sporulation.,What is the keyword that represents the  interaction between the proteins SigK and ykuD in the given sentence? ykuD was transcribed by SigK RNA polymerase from T4 of sporulation. Keywords: transcribed
6,6,SigK,ykvP,"essential, expression","nmod(essential, expression)",gene expression regulation,INO_0000044,2,"Both SigK and GerE were essential for ykvP expression, and this gene was transcribed from T5 of sporulation.","What is the keyword that represents the  interaction between the proteins SigK and ykvP in the given sentence? Both SigK and GerE were essential for ykvP expression, and this gene was transcribed from T5 of sporulation. Keywords: essential, expression"
7,7,GerE,ykvP,"essential, expression","nmod(essential, expression)",gene expression regulation,INO_0000044,2,"Both SigK and GerE were essential for ykvP expression, and this gene was transcribed from T5 of sporulation.","What is the keyword that represents the  interaction between the proteins GerE and ykvP in the given sentence? Both SigK and GerE were essential for ykvP expression, and this gene was transcribed from T5 of sporulation. Keywords: essential, expression"
8,8,sigma(F),ywhE,"expression, controlled",-1,gene expression regulation,INO_0000044,2,"Analysis of the expression of a translational ywhE-lacZ fusion showed that ywhE expression is sporulation-specific, and is controlled predominantly by the forespore-specific sigma factor sigma(F), and to a lesser extent by sigma(G).","What is the keyword that represents the  interaction between the proteins sigma(F) and ywhE in the given sentence? Analysis of the expression of a translational ywhE-lacZ fusion showed that ywhE expression is sporulation-specific, and is controlled predominantly by the forespore-specific sigma factor sigma(F), and to a lesser extent by sigma(G). Keywords: expression, controlled"
9,10,SpoIIE,sigma(F),"essential, activation","nmod:for(essential, activation)",regulation of gene activation,INO_0000037,2,"Secondly, SpoIIE is essential for the activation of the first compartment-specific transcription factor sigma(F) in the prespore.","What is the keyword that represents the  interaction between the proteins SpoIIE and sigma(F) in the given sentence? Secondly, SpoIIE is essential for the activation of the first compartment-specific transcription factor sigma(F) in the prespore. Keywords: essential, activation"
10,11,FtsZ,SpoIIE,"localization, dependent","nsubj(dependent, Localization)",regulation of protein location,INO_0000031,2,Localization of SpoIIE was shown to be dependent on the essential cell division protein FtsZ.,"What is the keyword that represents the  interaction between the proteins FtsZ and SpoIIE in the given sentence? Localization of SpoIIE was shown to be dependent on the essential cell division protein FtsZ. Keywords: localization, dependent"
11,13,sigma(H),spoVG,"dependent, expression","amod(expression, dependent)",gene expression regulation,INO_0000044,2,"In the shaA mutant, sigma(H)-dependent expression of spo0A and spoVG at an early stage of sporulation was sensitive to external NaCl.","What is the keyword that represents the  interaction between the proteins sigma(H) and spoVG in the given sentence? In the shaA mutant, sigma(H)-dependent expression of spo0A and spoVG at an early stage of sporulation was sensitive to external NaCl. Keywords: dependent, expression"
12,14,sigma(F),rsfA,"expression, control","nsubj(control, expression)",gene expression regulation,INO_0000044,2,The expression of rsfA is under the control of both sigma(F) and sigma(G).,"What is the keyword that represents the  interaction between the proteins sigma(F) and rsfA in the given sentence? The expression of rsfA is under the control of both sigma(F) and sigma(G). Keywords: expression, control"
13,17,gerE,cwlH,"expression, depended",-1,gene expression regulation,INO_0000044,2,Expression of the sigma(K)-dependent cwlH gene depended on gerE.,"What is the keyword that represents the  interaction between the proteins gerE and cwlH in the given sentence? Expression of the sigma(K)-dependent cwlH gene depended on gerE. Keywords: expression, depended"
14,20,sigmaB,katX,"dependent, promoters","amod(promoters, sigmaF-dependent)",promoter-based regulation of transcription ,INO_0000079,2,"The -10 and -35 sequences of the sigmaB- and sigmaF-dependent promoters of katX overlap, and the transcriptional start points used by EsigmaB and EsigmaF differ by only one nucleotide.","What is the keyword that represents the  interaction between the proteins sigmaB and katX in the given sentence? The -10 and -35 sequences of the sigmaB- and sigmaF-dependent promoters of katX overlap, and the transcriptional start points used by EsigmaB and EsigmaF differ by only one nucleotide. Keywords: dependent, promoters"
15,21,sigmaF,katX,"dependent, promoters","amod(promoters, sigmaF-dependent)",promoter-based regulation of transcription ,INO_0000079,2,"The -10 and -35 sequences of the sigmaB- and sigmaF-dependent promoters of katX overlap, and the transcriptional start points used by EsigmaB and EsigmaF differ by only one nucleotide.","What is the keyword that represents the  interaction between the proteins sigmaF and katX in the given sentence? The -10 and -35 sequences of the sigmaB- and sigmaF-dependent promoters of katX overlap, and the transcriptional start points used by EsigmaB and EsigmaF differ by only one nucleotide. Keywords: dependent, promoters"
16,22,sigmaB,katX,dependent,ONE WORD,gene expression regulation,INO_0000044,1,"We demonstrated that katX is also a sigmaB-dependent general stress gene, since it is strongly induced by heat, salt and ethanol stress, as well as by energy depletion.","What is the keyword that represents the  interaction between the proteins sigmaB and katX in the given sentence? We demonstrated that katX is also a sigmaB-dependent general stress gene, since it is strongly induced by heat, salt and ethanol stress, as well as by energy depletion. Keywords: dependent"
17,23,SpoIIE,sigmaF,"control, activation","nmod:of(control, activation)",regulation of gene activation,INO_0000037,2,"Taken together, the results support the idea that sequestration of SpoIIE protein into the prespore plays an important role in the control of sigmaF activation and in coupling this activation to septation.","What is the keyword that represents the  interaction between the proteins SpoIIE and sigmaF in the given sentence? Taken together, the results support the idea that sequestration of SpoIIE protein into the prespore plays an important role in the control of sigmaF activation and in coupling this activation to septation. Keywords: control, activation"
18,25,SpoIIAA,sigmaF,controlled,ONE WORD,controling,INO_0000057,1,"sigmaF is controlled by a regulatory cascade involving an anti-sigma factor, SpoIIAB, an anti-anti-sigma factor, SpoIIAA, and a membrane-bound phosphatase, SpoIIE, which converts the inactive, phosphorylated form of SpoIIAA back to the active form.","What is the keyword that represents the  interaction between the proteins SpoIIAA and sigmaF in the given sentence? sigmaF is controlled by a regulatory cascade involving an anti-sigma factor, SpoIIAB, an anti-anti-sigma factor, SpoIIAA, and a membrane-bound phosphatase, SpoIIE, which converts the inactive, phosphorylated form of SpoIIAA back to the active form. Keywords: controlled"
19,26,SpoIIE,sigmaF,controlled,ONE WORD,controling,INO_0000057,1,"sigmaF is controlled by a regulatory cascade involving an anti-sigma factor, SpoIIAB, an anti-anti-sigma factor, SpoIIAA, and a membrane-bound phosphatase, SpoIIE, which converts the inactive, phosphorylated form of SpoIIAA back to the active form.","What is the keyword that represents the  interaction between the proteins SpoIIE and sigmaF in the given sentence? sigmaF is controlled by a regulatory cascade involving an anti-sigma factor, SpoIIAB, an anti-anti-sigma factor, SpoIIAA, and a membrane-bound phosphatase, SpoIIE, which converts the inactive, phosphorylated form of SpoIIAA back to the active form. Keywords: controlled"
20,27,SpoIIE,SpoIIAA,"converts, active",-1,regulation of gene activation,INO_0000037,2,"sigmaF is controlled by a regulatory cascade involving an anti-sigma factor, SpoIIAB, an anti-anti-sigma factor, SpoIIAA, and a membrane-bound phosphatase, SpoIIE, which converts the inactive, phosphorylated form of SpoIIAA back to the active form.","What is the keyword that represents the  interaction between the proteins SpoIIE and SpoIIAA in the given sentence? sigmaF is controlled by a regulatory cascade involving an anti-sigma factor, SpoIIAB, an anti-anti-sigma factor, SpoIIAA, and a membrane-bound phosphatase, SpoIIE, which converts the inactive, phosphorylated form of SpoIIAA back to the active form. Keywords: converts, active"
21,28,SigL,rocG,transcribed,ONE WORD,gene transcription,INO_0000173,1,"The rocG gene of Bacillus subtilis, encoding a catabolic glutamate dehydrogenase, is transcribed by SigL-containing RNA polymerase and requires for its expression RocR, a member of the NtrC/NifA family of proteins that bind to enhancer-like elements, called upstream activating sequences (UAS).","What is the keyword that represents the  interaction between the proteins SigL and rocG in the given sentence? The rocG gene of Bacillus subtilis, encoding a catabolic glutamate dehydrogenase, is transcribed by SigL-containing RNA polymerase and requires for its expression RocR, a member of the NtrC/NifA family of proteins that bind to enhancer-like elements, called upstream activating sequences (UAS). Keywords: transcribed"
22,32,E sigma E,yfhS,transcribed,ONE WORD,regulation of transcription,INO_0000032,1,Northern blot and primer extension analyses indicated that yfhS is transcribed by E sigma E during sporulation.,What is the keyword that represents the  interaction between the proteins E sigma E and yfhS in the given sentence? Northern blot and primer extension analyses indicated that yfhS is transcribed by E sigma E during sporulation. Keywords: transcribed
23,33,YfhP,yfhQ,"negative regulator, transcription","nmod:for(regulator, transcription); amod(regulator, negative)",negative regulation of transcription,INO_0000074,2,"These results suggest that YfhP may act as a negative regulator for the transcription of yfhQ, yfhR, sspE and yfhP.","What is the keyword that represents the  interaction between the proteins YfhP and yfhQ in the given sentence? These results suggest that YfhP may act as a negative regulator for the transcription of yfhQ, yfhR, sspE and yfhP. Keywords: negative regulator, transcription"
24,34,YfhP,yfhR,"negative regulator, transcription","nmod:for(regulator, transcription); amod(regulator, negative)",negative regulation of transcription,INO_0000074,2,"These results suggest that YfhP may act as a negative regulator for the transcription of yfhQ, yfhR, sspE and yfhP.","What is the keyword that represents the  interaction between the proteins YfhP and yfhR in the given sentence? These results suggest that YfhP may act as a negative regulator for the transcription of yfhQ, yfhR, sspE and yfhP. Keywords: negative regulator, transcription"
25,35,YfhP,sspE,"negative regulator, transcription","nmod:for(regulator, transcription); amod(regulator, negative)",negative regulation of transcription,INO_0000074,2,"These results suggest that YfhP may act as a negative regulator for the transcription of yfhQ, yfhR, sspE and yfhP.","What is the keyword that represents the  interaction between the proteins YfhP and sspE in the given sentence? These results suggest that YfhP may act as a negative regulator for the transcription of yfhQ, yfhR, sspE and yfhP. Keywords: negative regulator, transcription"
26,36,YfhP,yfhP,"negative regulator, transcription","nmod:for(regulator, transcription); amod(regulator, negative)",negative regulation of transcription,INO_0000074,2,"These results suggest that YfhP may act as a negative regulator for the transcription of yfhQ, yfhR, sspE and yfhP.","What is the keyword that represents the  interaction between the proteins YfhP and yfhP in the given sentence? These results suggest that YfhP may act as a negative regulator for the transcription of yfhQ, yfhR, sspE and yfhP. Keywords: negative regulator, transcription"
27,37,sigmaK,Spo0A,"production, affect","nsubj(affect, production)",gene expression regulation,INO_0000044,2,"Production of sigmaK about 1 h earlier than normal does affect Spo0A, which when phosphorylated is an activator of sigE transcription.","What is the keyword that represents the  interaction between the proteins sigmaK and Spo0A in the given sentence? Production of sigmaK about 1 h earlier than normal does affect Spo0A, which when phosphorylated is an activator of sigE transcription. Keywords: production, affect"
28,38,Spo0A,sigE,"phosphorylated, activator, transcription",MORE THAN TWO KEYWORDS,activation of gene transcription by phosphorylated protein,INO_0000081,3,"Production of sigmaK about 1 h earlier than normal does affect Spo0A, which when phosphorylated is an activator of sigE transcription.","What is the keyword that represents the  interaction between the proteins Spo0A and sigE in the given sentence? Production of sigmaK about 1 h earlier than normal does affect Spo0A, which when phosphorylated is an activator of sigE transcription. Keywords: phosphorylated, activator, transcription"
29,39,sigmaA,ald,"promoter, recognized","nsubjpass(recognized, promoter)",promoter-based regulation of transcription,INO_0000079,2,"The ald promoter, like the sigE promoter, is believed to be recognized by sigmaA RNA polymerase, suggesting that sigmaK may inhibit sigmaA activity late in sporulation.","What is the keyword that represents the  interaction between the proteins sigmaA and ald in the given sentence? The ald promoter, like the sigE promoter, is believed to be recognized by sigmaA RNA polymerase, suggesting that sigmaK may inhibit sigmaA activity late in sporulation. Keywords: promoter, recognized"
30,40,sigmaA,sigE,"promoter, recognized","nsubjpass(recognized, promoter)",promoter-based regulation of transcription,INO_0000079,2,"The ald promoter, like the sigE promoter, is believed to be recognized by sigmaA RNA polymerase, suggesting that sigmaK may inhibit sigmaA activity late in sporulation.","What is the keyword that represents the  interaction between the proteins sigmaA and sigE in the given sentence? The ald promoter, like the sigE promoter, is believed to be recognized by sigmaA RNA polymerase, suggesting that sigmaK may inhibit sigmaA activity late in sporulation. Keywords: promoter, recognized"
31,41,sigmaK,sigmaA,"inhibit, activity","dobj(inhibit, activity)",inhibition of protein activity,INO_0000070,2,"The ald promoter, like the sigE promoter, is believed to be recognized by sigmaA RNA polymerase, suggesting that sigmaK may inhibit sigmaA activity late in sporulation.","What is the keyword that represents the  interaction between the proteins sigmaK and sigmaA in the given sentence? The ald promoter, like the sigE promoter, is believed to be recognized by sigmaA RNA polymerase, suggesting that sigmaK may inhibit sigmaA activity late in sporulation. Keywords: inhibit, activity"
32,42,sigmaK,sigE,"expression, negatively regulated","nsubjpass(regulated, expression); advmod(regulated, negatively)",negative regulation of gene expression,INO_0000039,2,"In the mother cell compartment of sporulating cells, expression of the sigE gene, encoding the earlier-acting sigma factor, sigmaE, is negatively regulated by the later-acting sigma factor, sigmaK.","What is the keyword that represents the  interaction between the proteins sigmaK and sigE in the given sentence? In the mother cell compartment of sporulating cells, expression of the sigE gene, encoding the earlier-acting sigma factor, sigmaE, is negatively regulated by the later-acting sigma factor, sigmaK. Keywords: expression, negatively regulated"
33,43,FtsZ,SpoIIE,depends,ONE WORD,regulation,INO_0000157,1,"The first stage, which involves the phosphatase function of SpoIIE, depends on the cell division protein FtsZ and could correspond to the FtsZ-dependent assembly of SpoIIE into E-rings.","What is the keyword that represents the  interaction between the proteins FtsZ and SpoIIE in the given sentence? The first stage, which involves the phosphatase function of SpoIIE, depends on the cell division protein FtsZ and could correspond to the FtsZ-dependent assembly of SpoIIE into E-rings. Keywords: depends"
34,44,FtsZ,SpoIIE,"dependent, assembly","amod(assembly, FtsZ-dependent)",regulation of assembly,INO_0000100,2,"The first stage, which involves the phosphatase function of SpoIIE, depends on the cell division protein FtsZ and could correspond to the FtsZ-dependent assembly of SpoIIE into E-rings.","What is the keyword that represents the  interaction between the proteins FtsZ and SpoIIE in the given sentence? The first stage, which involves the phosphatase function of SpoIIE, depends on the cell division protein FtsZ and could correspond to the FtsZ-dependent assembly of SpoIIE into E-rings. Keywords: dependent, assembly"
35,45,SpoIIE,SpoIIAA,blocks,ONE WORD,inhibition,INO_0000124,1,Evidence based on the use of modified and mutant forms of the phosphatase protein indicates that SpoIIE blocks the capacity of unphosphorylated SpoIIAA to activate sigmaF until formation of the polar septum is completed.,What is the keyword that represents the  interaction between the proteins SpoIIE and SpoIIAA in the given sentence? Evidence based on the use of modified and mutant forms of the phosphatase protein indicates that SpoIIE blocks the capacity of unphosphorylated SpoIIAA to activate sigmaF until formation of the polar septum is completed. Keywords: blocks
36,46,SpoIIAA,sigmaF,activate,ONE WORD,activation,INO_0000024,1,Evidence based on the use of modified and mutant forms of the phosphatase protein indicates that SpoIIE blocks the capacity of unphosphorylated SpoIIAA to activate sigmaF until formation of the polar septum is completed.,What is the keyword that represents the  interaction between the proteins SpoIIAA and sigmaF in the given sentence? Evidence based on the use of modified and mutant forms of the phosphatase protein indicates that SpoIIE blocks the capacity of unphosphorylated SpoIIAA to activate sigmaF until formation of the polar septum is completed. Keywords: activate
37,47,SpoIIE,sigmaF,"activation, requires","nsubj(requires, activation)
",regulation of gene activation,INO_0000037,2,Cell-specific activation of transcription factor sigmaF during sporulation in Bacillus subtilis requires the formation of the polar septum and the activity of a serine phosphatase (SpoIIE) located in the septum.,"What is the keyword that represents the  interaction between the proteins SpoIIE and sigmaF in the given sentence? Cell-specific activation of transcription factor sigmaF during sporulation in Bacillus subtilis requires the formation of the polar septum and the activity of a serine phosphatase (SpoIIE) located in the septum. Keywords: activation, requires"
38,48,SpoIIE,SpoIIAA-P,dephosphorylating,ONE WORD,dephosphorylation reaction,MI:0203,1,The SpoIIE phosphatase indirectly activates sigmaF by dephosphorylating a protein (SpoIIAA-P) in the pathway that controls the activity of the transcription factor.,What is the keyword that represents the  interaction between the proteins SpoIIE and SpoIIAA-P in the given sentence? The SpoIIE phosphatase indirectly activates sigmaF by dephosphorylating a protein (SpoIIAA-P) in the pathway that controls the activity of the transcription factor. Keywords: dephosphorylating
39,49,SpoIIE,sigmaF,activates,ONE WORD,activation,INO_0000024,1,The SpoIIE phosphatase indirectly activates sigmaF by dephosphorylating a protein (SpoIIAA-P) in the pathway that controls the activity of the transcription factor.,What is the keyword that represents the  interaction between the proteins SpoIIE and sigmaF in the given sentence? The SpoIIE phosphatase indirectly activates sigmaF by dephosphorylating a protein (SpoIIAA-P) in the pathway that controls the activity of the transcription factor. Keywords: activates
40,50,SpoIIAA-P,sigmaF,"controls, activity","dobj(controls, activity)",regulation of protein activity,INO_0000055,2,The SpoIIE phosphatase indirectly activates sigmaF by dephosphorylating a protein (SpoIIAA-P) in the pathway that controls the activity of the transcription factor.,"What is the keyword that represents the  interaction between the proteins SpoIIAA-P and sigmaF in the given sentence? The SpoIIE phosphatase indirectly activates sigmaF by dephosphorylating a protein (SpoIIAA-P) in the pathway that controls the activity of the transcription factor. Keywords: controls, activity"
41,52,sigmaB,bmrUR,control,ONE WORD,controling,INO_0000057,1,(i) The finding that the bmrUR operon is under sigmaB control indicates that the elimination of multidrug compounds might be a new function in multiple stress resistance.,What is the keyword that represents the  interaction between the proteins sigmaB and bmrUR in the given sentence? (i) The finding that the bmrUR operon is under sigmaB control indicates that the elimination of multidrug compounds might be a new function in multiple stress resistance. Keywords: control
42,53,sigmaB,ydaP,dependent,ONE WORD,gene expression regulation,INO_0000044,1,"The ydaP gene might belong to the increasing number of sigmaB-dependent genes whose orthologues are under the control of sigmas in Escherichia coli, indicating that both regulons may fulfil similar functions.","What is the keyword that represents the  interaction between the proteins sigmaB and ydaP in the given sentence? The ydaP gene might belong to the increasing number of sigmaB-dependent genes whose orthologues are under the control of sigmas in Escherichia coli, indicating that both regulons may fulfil similar functions. Keywords: dependent"
43,54,sigmaB,ydaE,dependent,ONE WORD,gene expression regulation,INO_0000044,1,"Three new sigmaB-dependent genes (ydaE, ydaG and yfkM) encoding proteins with still unknown functions were also described.","What is the keyword that represents the  interaction between the proteins sigmaB and ydaE in the given sentence? Three new sigmaB-dependent genes (ydaE, ydaG and yfkM) encoding proteins with still unknown functions were also described. Keywords: dependent"
44,56,sigmaB,yfkM,dependent,ONE WORD,gene expression regulation,INO_0000044,1,"Three new sigmaB-dependent genes (ydaE, ydaG and yfkM) encoding proteins with still unknown functions were also described.","What is the keyword that represents the  interaction between the proteins sigmaB and yfkM in the given sentence? Three new sigmaB-dependent genes (ydaE, ydaG and yfkM) encoding proteins with still unknown functions were also described. Keywords: dependent"
45,57,SpoIIE,sigma F,"activated, action","nmod:through(activated, action)",gene activation,INO_0000075,2,"Cell specificity is first established in the forespore under the control of the sigma F factor, which is itself activated through the action of the SpoIIE serine phosphatase, an enzyme targeted to the septum between the two cells.","What is the keyword that represents the  interaction between the proteins SpoIIE and sigma F in the given sentence? Cell specificity is first established in the forespore under the control of the sigma F factor, which is itself activated through the action of the SpoIIE serine phosphatase, an enzyme targeted to the septum between the two cells. Keywords: activated, action"
46,58,sigmaK,cot,transcribed,ONE WORD,gene transcription,INO_0000173,1,"Most cot genes, and the gerE gene, are transcribed by sigmaK RNA polymerase.","What is the keyword that represents the  interaction between the proteins sigmaK and cot in the given sentence? Most cot genes, and the gerE gene, are transcribed by sigmaK RNA polymerase. Keywords: transcribed"
47,59,sigmaK,gerE,transcribed,ONE WORD,gene transcription,INO_0000173,1,"Most cot genes, and the gerE gene, are transcribed by sigmaK RNA polymerase.","What is the keyword that represents the  interaction between the proteins sigmaK and gerE in the given sentence? Most cot genes, and the gerE gene, are transcribed by sigmaK RNA polymerase. Keywords: transcribed"
48,60,GerE,sigK,"inhibits, transcription","dobj(inhibits, transcription)",inhibition of gene transcription,INO_0000046,2,"Previously, it was shown that the GerE protein inhibits transcription in vitro of the sigK gene encoding sigmaK.","What is the keyword that represents the  interaction between the proteins GerE and sigK in the given sentence? Previously, it was shown that the GerE protein inhibits transcription in vitro of the sigK gene encoding sigmaK. Keywords: inhibits, transcription"
49,61,sigmaK,gerE,"dependent, transcription","amod(transcription-6, sigmaK-dependent-5)",regulation of transcription,INO_0000032,2,These results demonstrate that sigmaK-dependent transcription of gerE initiates a negative feedback loop in which GerE acts as a repressor to limit production of sigmaK.,"What is the keyword that represents the  interaction between the proteins sigmaK and gerE in the given sentence? These results demonstrate that sigmaK-dependent transcription of gerE initiates a negative feedback loop in which GerE acts as a repressor to limit production of sigmaK. Keywords: dependent, transcription"
50,62,GerE,sigmaK,"repressor, limit production","acl(repressor, limit); dobj(limit, production)
",inhibition of gene transcription,INO_0000046,2,These results demonstrate that sigmaK-dependent transcription of gerE initiates a negative feedback loop in which GerE acts as a repressor to limit production of sigmaK.,"What is the keyword that represents the  interaction between the proteins GerE and sigmaK in the given sentence? These results demonstrate that sigmaK-dependent transcription of gerE initiates a negative feedback loop in which GerE acts as a repressor to limit production of sigmaK. Keywords: repressor, limit production"
51,63,GerE,sigmaK,"activated, transcription","dobj(activated, transcription)",regulation of transcription,INO_0000032,2,"A low level of GerE activated transcription of cotD by sigmaK RNA polymerase in vitro, but a higher level of GerE repressed cotD transcription.","What is the keyword that represents the  interaction between the proteins GerE and sigmaK in the given sentence? A low level of GerE activated transcription of cotD by sigmaK RNA polymerase in vitro, but a higher level of GerE repressed cotD transcription. Keywords: activated, transcription"
52,64,GerE,cotD,"low level, activated, transcription",MORE THAN TWO KEYWORDS,activation of gene transcription by low level protein,INO_0000052,3,"A low level of GerE activated transcription of cotD by sigmaK RNA polymerase in vitro, but a higher level of GerE repressed cotD transcription.","What is the keyword that represents the  interaction between the proteins GerE and cotD in the given sentence? A low level of GerE activated transcription of cotD by sigmaK RNA polymerase in vitro, but a higher level of GerE repressed cotD transcription. Keywords: low level, activated, transcription"
53,65,sigmaK,cotD,transcription,ONE WORD,regulation of transcription,INO_0000032,1,"A low level of GerE activated transcription of cotD by sigmaK RNA polymerase in vitro, but a higher level of GerE repressed cotD transcription.","What is the keyword that represents the  interaction between the proteins sigmaK and cotD in the given sentence? A low level of GerE activated transcription of cotD by sigmaK RNA polymerase in vitro, but a higher level of GerE repressed cotD transcription. Keywords: transcription"
54,67,GerE,sigK,"binds, transcriptional, act, repressor",MORE THAN TWO KEYWORDS,negative regulation of gene transcription,INO_0000042,4,"Here, we show that GerE binds near the sigK transcriptional start site, to act as a repressor.","What is the keyword that represents the  interaction between the proteins GerE and sigK in the given sentence? Here, we show that GerE binds near the sigK transcriptional start site, to act as a repressor. Keywords: binds, transcriptional, act, repressor"
55,68,GerE,cotD,"binds, promoter",-1,regulation of transcription by binding to promoter,INO_0000071,2,We show that GerE binds to two sites that span the -35 region of the cotD promoter.,"What is the keyword that represents the  interaction between the proteins GerE and cotD in the given sentence? We show that GerE binds to two sites that span the -35 region of the cotD promoter. Keywords: binds, promoter"
56,69,GerE,cotD,"activate, transcription, repress, transcription","dobj(activate, transcription);  advmod(transcription, repress)",regulation of transcription,INO_0000032,2 (2 events with two keywords each),These results suggest that a rising level of GerE in sporulating cells may first activate cotD transcription from the upstream site then repress transcription as the downstream site becomes occupied.,"What is the keyword that represents the  interaction between the proteins GerE and cotD in the given sentence? These results suggest that a rising level of GerE in sporulating cells may first activate cotD transcription from the upstream site then repress transcription as the downstream site becomes occupied. Keywords: activate, transcription, repress, transcription"
57,70,GerE,sspG,"transcription, requires","nsubj(requires,transcription); 
",regulation of transcription,INO_0000032,2,sspG transcription also requires the DNA binding protein GerE.,"What is the keyword that represents the  interaction between the proteins GerE and sspG in the given sentence? sspG transcription also requires the DNA binding protein GerE. Keywords: transcription, requires"
58,71,sigmaG,sspJ,transcribed,ONE WORD,gene transcription,INO_0000173,1,"In contrast, sspJ is transcribed in the forespore compartment by RNA polymerase with the forespore-specific sigmaG and appears to give a monocistronic transcript.","What is the keyword that represents the  interaction between the proteins sigmaG and sspJ in the given sentence? In contrast, sspJ is transcribed in the forespore compartment by RNA polymerase with the forespore-specific sigmaG and appears to give a monocistronic transcript. Keywords: transcribed"
59,72,ComK,FlgM,"stimulating, transcription","dobj(stimulating,transcription)",positive regulation of gene transcription,INO_0000049,2,"ComK negatively controls the transcription of hag by stimulating the transcription of comF-flgM, thereby increasing the production of the FlgM antisigma factor that inhibits sigmaD activity.","What is the keyword that represents the  interaction between the proteins ComK and FlgM in the given sentence? ComK negatively controls the transcription of hag by stimulating the transcription of comF-flgM, thereby increasing the production of the FlgM antisigma factor that inhibits sigmaD activity. Keywords: stimulating, transcription"
60,73,ComK,hag,"negatively controls, transcription","dobj(controls, transcription); advmod(controls, negatively)",negative regulation of gene transcription,INO_0000042,2,"ComK negatively controls the transcription of hag by stimulating the transcription of comF-flgM, thereby increasing the production of the FlgM antisigma factor that inhibits sigmaD activity.","What is the keyword that represents the  interaction between the proteins ComK and hag in the given sentence? ComK negatively controls the transcription of hag by stimulating the transcription of comF-flgM, thereby increasing the production of the FlgM antisigma factor that inhibits sigmaD activity. Keywords: negatively controls, transcription"
61,74,ComK,comF,"stimulating, transcription","dobj(stimulating,transcription)",positive regulation of gene transcription,INO_0000049,2,"ComK negatively controls the transcription of hag by stimulating the transcription of comF-flgM, thereby increasing the production of the FlgM antisigma factor that inhibits sigmaD activity.","What is the keyword that represents the  interaction between the proteins ComK and comF in the given sentence? ComK negatively controls the transcription of hag by stimulating the transcription of comF-flgM, thereby increasing the production of the FlgM antisigma factor that inhibits sigmaD activity. Keywords: stimulating, transcription"
62,76,FlgM,sigmaD,"inhibit, activity","dobj(inhibits,activity)",inhibition of protein activity,INO_0000070,2,"ComK negatively controls the transcription of hag by stimulating the transcription of comF-flgM, thereby increasing the production of the FlgM antisigma factor that inhibits sigmaD activity.","What is the keyword that represents the  interaction between the proteins FlgM and sigmaD in the given sentence? ComK negatively controls the transcription of hag by stimulating the transcription of comF-flgM, thereby increasing the production of the FlgM antisigma factor that inhibits sigmaD activity. Keywords: inhibit, activity"
63,77,sigmaB,ykzA,"increase, expression, dependent",MORE THAN TWO KEYWORDS,positive regulation of gene expression,INO_0000038,3,"This stress-induced increase in ykzA expression is absolutely dependent on the alternative sigma factor sigmaB, which controls a large stationary-phase and stress regulon.","What is the keyword that represents the  interaction between the proteins sigmaB and ykzA in the given sentence? This stress-induced increase in ykzA expression is absolutely dependent on the alternative sigma factor sigmaB, which controls a large stationary-phase and stress regulon. Keywords: increase, expression, dependent"
64,78,sigma X,CsbB,"contributes, expression","nmod(contributes,expression)",gene expression regulation,INO_0000044,2,"sigma X also contributes to the expression of CsbB, a putative membrane-bound glucosyl transferase that is partially controlled by the sigma B stress response sigma factor.","What is the keyword that represents the  interaction between the proteins sigma X and CsbB in the given sentence? sigma X also contributes to the expression of CsbB, a putative membrane-bound glucosyl transferase that is partially controlled by the sigma B stress response sigma factor. Keywords: contributes, expression"
65,79,sigma B,CsbB,controlled,ONE WORD,controling,INO_0000057,1,"sigma X also contributes to the expression of CsbB, a putative membrane-bound glucosyl transferase that is partially controlled by the sigma B stress response sigma factor.","What is the keyword that represents the  interaction between the proteins sigma B and CsbB in the given sentence? sigma X also contributes to the expression of CsbB, a putative membrane-bound glucosyl transferase that is partially controlled by the sigma B stress response sigma factor. Keywords: controlled"
66,80,sigma B,nadE,"induced, dependent",-1,positive regulation of gene expression,INO_0000038,2,"Transcriptional studies showed that nadE is strongly induced in response to heat, ethanol and salt stress or after starvation for glucose in a sigma B-dependent manner.","What is the keyword that represents the  interaction between the proteins sigma B and nadE in the given sentence? Transcriptional studies showed that nadE is strongly induced in response to heat, ethanol and salt stress or after starvation for glucose in a sigma B-dependent manner. Keywords: induced, dependent"
67,81,sigma(B),YtxH,"induced, dependent",-1,positive regulation of gene expression,INO_0000038,2,"Furthermore, YtxH and YvyD seemed to be induced after phosphate starvation in the wild type in a sigma(B)-dependent manner and in the sigB mutant probably via sigma(H).","What is the keyword that represents the  interaction between the proteins sigma(B) and YtxH in the given sentence? Furthermore, YtxH and YvyD seemed to be induced after phosphate starvation in the wild type in a sigma(B)-dependent manner and in the sigB mutant probably via sigma(H). Keywords: induced, dependent"
68,82,sigma(B),YvyD,"induced, dependent",-1,positive regulation of gene expression,INO_0000038,2,"Furthermore, YtxH and YvyD seemed to be induced after phosphate starvation in the wild type in a sigma(B)-dependent manner and in the sigB mutant probably via sigma(H).","What is the keyword that represents the  interaction between the proteins sigma(B) and YvyD in the given sentence? Furthermore, YtxH and YvyD seemed to be induced after phosphate starvation in the wild type in a sigma(B)-dependent manner and in the sigB mutant probably via sigma(H). Keywords: induced, dependent"
69,83,sigma(H),YtxH,"induced, via",-1,induction,INO_0000122,2,"Furthermore, YtxH and YvyD seemed to be induced after phosphate starvation in the wild type in a sigma(B)-dependent manner and in the sigB mutant probably via sigma(H).","What is the keyword that represents the  interaction between the proteins sigma(H) and YtxH in the given sentence? Furthermore, YtxH and YvyD seemed to be induced after phosphate starvation in the wild type in a sigma(B)-dependent manner and in the sigB mutant probably via sigma(H). Keywords: induced, via"
70,84,sigma(H),YvyD,"induced, via",-1,induction,INO_0000122,2,"Furthermore, YtxH and YvyD seemed to be induced after phosphate starvation in the wild type in a sigma(B)-dependent manner and in the sigB mutant probably via sigma(H).","What is the keyword that represents the  interaction between the proteins sigma(H) and YvyD in the given sentence? Furthermore, YtxH and YvyD seemed to be induced after phosphate starvation in the wild type in a sigma(B)-dependent manner and in the sigB mutant probably via sigma(H). Keywords: induced, via"
71,86,ComK,sigmaD,"preventing, transcription","dobj(preventing,transcription)",inhibition of gene transcription,INO_0000046,2,"From these results we conclude that ComK negatively regulates degR expression by preventing sigmaD-driven transcription of degR, possibly through interaction with the control region.","What is the keyword that represents the  interaction between the proteins ComK and sigmaD in the given sentence? From these results we conclude that ComK negatively regulates degR expression by preventing sigmaD-driven transcription of degR, possibly through interaction with the control region. Keywords: preventing, transcription"
72,87,ComK,degR,"negatively regulates, expression","dobj(regulates,expression)",negative regulation of gene expression,INO_0000039,2,"From these results we conclude that ComK negatively regulates degR expression by preventing sigmaD-driven transcription of degR, possibly through interaction with the control region.","What is the keyword that represents the  interaction between the proteins ComK and degR in the given sentence? From these results we conclude that ComK negatively regulates degR expression by preventing sigmaD-driven transcription of degR, possibly through interaction with the control region. Keywords: negatively regulates, expression"
73,88,ComK,degR,"preventing, transcription","dobj(preventing,transcription)",inhibition of gene transcription,INO_0000046,2,"From these results we conclude that ComK negatively regulates degR expression by preventing sigmaD-driven transcription of degR, possibly through interaction with the control region.","What is the keyword that represents the  interaction between the proteins ComK and degR in the given sentence? From these results we conclude that ComK negatively regulates degR expression by preventing sigmaD-driven transcription of degR, possibly through interaction with the control region. Keywords: preventing, transcription"
74,89,sigmaD,degR,"driven, transcription","amod(transcription, sigmaD-driven)",positive regulation of gene transcription,INO_0000049,2,"From these results we conclude that ComK negatively regulates degR expression by preventing sigmaD-driven transcription of degR, possibly through interaction with the control region.","What is the keyword that represents the  interaction between the proteins sigmaD and degR in the given sentence? From these results we conclude that ComK negatively regulates degR expression by preventing sigmaD-driven transcription of degR, possibly through interaction with the control region. Keywords: driven, transcription"
75,90,sigmaD,degR,"transcription, driven","nsubjpass(driven,transcription)",positive regulation of gene transcription,INO_0000049,2,"We have shown previously that the transcription of degR is driven by an alternative sigma factor, sigmaD.","What is the keyword that represents the  interaction between the proteins sigmaD and degR in the given sentence? We have shown previously that the transcription of degR is driven by an alternative sigma factor, sigmaD. Keywords: transcription, driven"
76,91,SpoIIID,cotC,binds,ONE WORD,direct interaction,MI_0407,1,"DNase I footprinting showed that SpoIIID binds strongly to two sites in the cotC promoter region, binds weakly to one site in the cotX promoter, and does not bind specifically to cotB.","What is the keyword that represents the  interaction between the proteins SpoIIID and cotC in the given sentence? DNase I footprinting showed that SpoIIID binds strongly to two sites in the cotC promoter region, binds weakly to one site in the cotX promoter, and does not bind specifically to cotB. Keywords: binds"
77,92,SpoIIID,cotX,binds,ONE WORD,direct interaction,MI_0407,1,"DNase I footprinting showed that SpoIIID binds strongly to two sites in the cotC promoter region, binds weakly to one site in the cotX promoter, and does not bind specifically to cotB.","What is the keyword that represents the  interaction between the proteins SpoIIID and cotX in the given sentence? DNase I footprinting showed that SpoIIID binds strongly to two sites in the cotC promoter region, binds weakly to one site in the cotX promoter, and does not bind specifically to cotB. Keywords: binds"
78,93,SpoIIID,cotB,bind,ONE WORD,direct interaction,MI_0407,1,"DNase I footprinting showed that SpoIIID binds strongly to two sites in the cotC promoter region, binds weakly to one site in the cotX promoter, and does not bind specifically to cotB.","What is the keyword that represents the  interaction between the proteins SpoIIID and cotB in the given sentence? DNase I footprinting showed that SpoIIID binds strongly to two sites in the cotC promoter region, binds weakly to one site in the cotX promoter, and does not bind specifically to cotB. Keywords: bind"
79,94,sigma(K),cotB,transcription,ONE WORD,gene transcription,INO_0000173,1,"Transcription of the cotB, cotC, and cotX genes by final sigma(K) RNA polymerase is activated by a small, DNA-binding protein called GerE.","What is the keyword that represents the  interaction between the proteins sigma(K) and cotB in the given sentence? Transcription of the cotB, cotC, and cotX genes by final sigma(K) RNA polymerase is activated by a small, DNA-binding protein called GerE. Keywords: transcription"
80,96,sigma(K),cotX,transcription,ONE WORD,gene transcription,INO_0000173,1,"Transcription of the cotB, cotC, and cotX genes by final sigma(K) RNA polymerase is activated by a small, DNA-binding protein called GerE.","What is the keyword that represents the  interaction between the proteins sigma(K) and cotX in the given sentence? Transcription of the cotB, cotC, and cotX genes by final sigma(K) RNA polymerase is activated by a small, DNA-binding protein called GerE. Keywords: transcription"
81,97,GerE,cotB,"transcription, activated","nsubjpass(activated,transcription)",activation of gene transcription,INO_0000051,2,"Transcription of the cotB, cotC, and cotX genes by final sigma(K) RNA polymerase is activated by a small, DNA-binding protein called GerE.","What is the keyword that represents the  interaction between the proteins GerE and cotB in the given sentence? Transcription of the cotB, cotC, and cotX genes by final sigma(K) RNA polymerase is activated by a small, DNA-binding protein called GerE. Keywords: transcription, activated"
82,98,GerE,cotC,"transcription ,activated","nsubjpass(activated,transcription)",activation of gene transcription,INO_0000051,2,"Transcription of the cotB, cotC, and cotX genes by final sigma(K) RNA polymerase is activated by a small, DNA-binding protein called GerE.","What is the keyword that represents the  interaction between the proteins GerE and cotC in the given sentence? Transcription of the cotB, cotC, and cotX genes by final sigma(K) RNA polymerase is activated by a small, DNA-binding protein called GerE. Keywords: transcription ,activated"
83,99,GerE,cotX,"transcription, activated","nsubjpass(activated,transcription)",activation of gene transcription,INO_0000051,2,"Transcription of the cotB, cotC, and cotX genes by final sigma(K) RNA polymerase is activated by a small, DNA-binding protein called GerE.","What is the keyword that represents the  interaction between the proteins GerE and cotX in the given sentence? Transcription of the cotB, cotC, and cotX genes by final sigma(K) RNA polymerase is activated by a small, DNA-binding protein called GerE. Keywords: transcription, activated"
84,100,GerE,cot,"gene expression, action",-1,gene expression regulation,INO_0000044,2,"In vitro transcription experiments suggest that the differential pattern of cot gene expression results from the combined action of GerE and another transcription factor, SpoIIID.","What is the keyword that represents the  interaction between the proteins GerE and cot in the given sentence? In vitro transcription experiments suggest that the differential pattern of cot gene expression results from the combined action of GerE and another transcription factor, SpoIIID. Keywords: gene expression, action"
85,102,GerE,sigma(K),"low concentration, activated, transcription",MORE THAN TWO KEYWORDS,regulation of transcription,INO_0000032,3,"A low concentration of GerE activated cotB transcription by final sigma(K) RNA polymerase, whereas a higher concentration was needed to activate transcription of cotX or cotC.","What is the keyword that represents the  interaction between the proteins GerE and sigma(K) in the given sentence? A low concentration of GerE activated cotB transcription by final sigma(K) RNA polymerase, whereas a higher concentration was needed to activate transcription of cotX or cotC. Keywords: low concentration, activated, transcription"
86,103,GerE,cotB,"low concentration, activated, transcription",MORE THAN TWO KEYWORDS,activation of gene transcription by low level protein,INO_0000052,3,"A low concentration of GerE activated cotB transcription by final sigma(K) RNA polymerase, whereas a higher concentration was needed to activate transcription of cotX or cotC.","What is the keyword that represents the  interaction between the proteins GerE and cotB in the given sentence? A low concentration of GerE activated cotB transcription by final sigma(K) RNA polymerase, whereas a higher concentration was needed to activate transcription of cotX or cotC. Keywords: low concentration, activated, transcription"
87,104,GerE,cotX,"activate, transcription","amod(transcription, activate)",activation of gene transcription,INO_0000051,2,"A low concentration of GerE activated cotB transcription by final sigma(K) RNA polymerase, whereas a higher concentration was needed to activate transcription of cotX or cotC.","What is the keyword that represents the  interaction between the proteins GerE and cotX in the given sentence? A low concentration of GerE activated cotB transcription by final sigma(K) RNA polymerase, whereas a higher concentration was needed to activate transcription of cotX or cotC. Keywords: activate, transcription"
88,106,sigma(K),cotB,"activated, transcription","dobj(activated,transcription)",activation of gene transcription,INO_0000051,2,"A low concentration of GerE activated cotB transcription by final sigma(K) RNA polymerase, whereas a higher concentration was needed to activate transcription of cotX or cotC.","What is the keyword that represents the  interaction between the proteins sigma(K) and cotB in the given sentence? A low concentration of GerE activated cotB transcription by final sigma(K) RNA polymerase, whereas a higher concentration was needed to activate transcription of cotX or cotC. Keywords: activated, transcription"
89,107,SpoIIID,cotC,"repressed, transcription","dobj(repressed,transcription)",inhibition of gene transcription,INO_0000046,2,"SpoIIID at low concentration repressed cotC transcription, whereas a higher concentration only partially repressed cotX transcription and had little effect on cotB transcription.","What is the keyword that represents the  interaction between the proteins SpoIIID and cotC in the given sentence? SpoIIID at low concentration repressed cotC transcription, whereas a higher concentration only partially repressed cotX transcription and had little effect on cotB transcription. Keywords: repressed, transcription"
90,108,SpoIIID,cotX,"repressed, transcription","dobj(repressed,transcription)",inhibition of gene transcription,INO_0000046,2,"SpoIIID at low concentration repressed cotC transcription, whereas a higher concentration only partially repressed cotX transcription and had little effect on cotB transcription.","What is the keyword that represents the  interaction between the proteins SpoIIID and cotX in the given sentence? SpoIIID at low concentration repressed cotC transcription, whereas a higher concentration only partially repressed cotX transcription and had little effect on cotB transcription. Keywords: repressed, transcription"
91,109,SpoIIID,cotB,"repressed, transcription","dobj(repressed,transcription)",inhibition of gene transcription,INO_0000046,2,"SpoIIID at low concentration repressed cotC transcription, whereas a higher concentration only partially repressed cotX transcription and had little effect on cotB transcription.","What is the keyword that represents the  interaction between the proteins SpoIIID and cotB in the given sentence? SpoIIID at low concentration repressed cotC transcription, whereas a higher concentration only partially repressed cotX transcription and had little effect on cotB transcription. Keywords: repressed, transcription"
92,110,sigmaA,kdgR,"dependent, promoter","amod(promoter, sigmaA-dependent)",promoter-based regulation of transcription,INO_0000079,2,Primer extension experiments and Northern blot analysis show that an active sigmaA-dependent promoter precedes kdgR and transcription is terminated at the putative p-independent terminator downstream of kdgT.,"What is the keyword that represents the  interaction between the proteins sigmaA and kdgR in the given sentence? Primer extension experiments and Northern blot analysis show that an active sigmaA-dependent promoter precedes kdgR and transcription is terminated at the putative p-independent terminator downstream of kdgT. Keywords: dependent, promoter"
93,111,sigmaW,sigW,"dependent, promoter, precedes",MORE THAN TWO KEYWORDS,promoter-based regulation of transcription,INO_0000079,3,"A sigmaW-dependent promoter (PW) precedes sigW, demonstrating that this transcription factor is positively autoregulated.","What is the keyword that represents the  interaction between the proteins sigmaW and sigW in the given sentence? A sigmaW-dependent promoter (PW) precedes sigW, demonstrating that this transcription factor is positively autoregulated. Keywords: dependent, promoter, precedes"
94,112,sigma(A),sigX,"recognize, promoter ",-1,promoter-based regulation of transcription,INO_0000079,2,"We overproduced and purified sigma(X) from Escherichia coli and demonstrate that in vitro, both sigma(A) and sigma(X) holoenzymes recognize promoter elements within the sigX-ypuN control region.","What is the keyword that represents the  interaction between the proteins sigma(A) and sigX in the given sentence? We overproduced and purified sigma(X) from Escherichia coli and demonstrate that in vitro, both sigma(A) and sigma(X) holoenzymes recognize promoter elements within the sigX-ypuN control region. Keywords: recognize, promoter "
95,113,sigma(A),ypuN,"recognize, promoter ",-1,promoter-based regulation of transcription,INO_0000079,2,"We overproduced and purified sigma(X) from Escherichia coli and demonstrate that in vitro, both sigma(A) and sigma(X) holoenzymes recognize promoter elements within the sigX-ypuN control region.","What is the keyword that represents the  interaction between the proteins sigma(A) and ypuN in the given sentence? We overproduced and purified sigma(X) from Escherichia coli and demonstrate that in vitro, both sigma(A) and sigma(X) holoenzymes recognize promoter elements within the sigX-ypuN control region. Keywords: recognize, promoter "
96,114,sigma(X),sigX,"recognize, promoter ",-1,promoter-based regulation of transcription,INO_0000079,2,"We overproduced and purified sigma(X) from Escherichia coli and demonstrate that in vitro, both sigma(A) and sigma(X) holoenzymes recognize promoter elements within the sigX-ypuN control region.","What is the keyword that represents the  interaction between the proteins sigma(X) and sigX in the given sentence? We overproduced and purified sigma(X) from Escherichia coli and demonstrate that in vitro, both sigma(A) and sigma(X) holoenzymes recognize promoter elements within the sigX-ypuN control region. Keywords: recognize, promoter "
97,116,PhoP~P,tagA,"repress, transcription","dobj(repress,transcription)",inhibition of gene transcription,INO_0000046,2,The results indicate that PhoP~P is sufficient to repress the transcription of the tagA and tagD promoters and also to activate the transcription of the tuaA promoter.,"What is the keyword that represents the  interaction between the proteins PhoP~P and tagA in the given sentence? The results indicate that PhoP~P is sufficient to repress the transcription of the tagA and tagD promoters and also to activate the transcription of the tuaA promoter. Keywords: repress, transcription"
98,117,PhoP~P,tagD,"repress, transcription","dobj(repress,transcription)",inhibition of gene transcription,INO_0000046,2,The results indicate that PhoP~P is sufficient to repress the transcription of the tagA and tagD promoters and also to activate the transcription of the tuaA promoter.,"What is the keyword that represents the  interaction between the proteins PhoP~P and tagD in the given sentence? The results indicate that PhoP~P is sufficient to repress the transcription of the tagA and tagD promoters and also to activate the transcription of the tuaA promoter. Keywords: repress, transcription"
99,118,PhoP~P,tuaA,"activate, transcription","dobj(activate,transcription)",activation of gene transcription,INO_0000051,2,The results indicate that PhoP~P is sufficient to repress the transcription of the tagA and tagD promoters and also to activate the transcription of the tuaA promoter.,"What is the keyword that represents the  interaction between the proteins PhoP~P and tuaA in the given sentence? The results indicate that PhoP~P is sufficient to repress the transcription of the tagA and tagD promoters and also to activate the transcription of the tuaA promoter. Keywords: activate, transcription"
100,119,AraR,araE,"expression, promoter, negatively regulated",MORE THAN TWO KEYWORDS,negative regulation of transcription by binding to promoter,INO_0000074,3,"Transcriptional studies demonstrated that the expression from the araE promoter is induced by L-arabinose, repressed by glucose, and negatively regulated by AraR.","What is the keyword that represents the  interaction between the proteins AraR and araE in the given sentence? Transcriptional studies demonstrated that the expression from the araE promoter is induced by L-arabinose, repressed by glucose, and negatively regulated by AraR. Keywords: expression, promoter, negatively regulated"
101,120,GerE,sigmaK,"stimulates, transcription, promoters",MORE THAN TWO KEYWORDS,positive regulation of transcription by binding to promoter,INO_0000072,3,"During endospore formation in Bacillus subtilis, the DNA binding protein GerE stimulates transcription from several promoters that are used by RNA polymerase containing sigmaK","What is the keyword that represents the  interaction between the proteins GerE and sigmaK in the given sentence? During endospore formation in Bacillus subtilis, the DNA binding protein GerE stimulates transcription from several promoters that are used by RNA polymerase containing sigmaK Keywords: stimulates, transcription, promoters"
102,121,GerE,cotX,"binds, promoter",-1,regulation of transcription by binding to promoter,INO_0000071,2,"GerE binds to a site on one of these promoters, cotX, that overlaps its -35 region.","What is the keyword that represents the  interaction between the proteins GerE and cotX in the given sentence? GerE binds to a site on one of these promoters, cotX, that overlaps its -35 region. Keywords: binds, promoter"
103,122,Spo0A,sigma(A),"stimulate, transcription, dependent",MORE THAN TWO KEYWORDS,positive regulation of gene transcription,INO_0000049,3,"However, the mutant was unable to stimulate transcription by final sigma(A)-RNA polymerase from the Spo0A-dependent spoIIG operon promoter.","What is the keyword that represents the  interaction between the proteins Spo0A and sigma(A) in the given sentence? However, the mutant was unable to stimulate transcription by final sigma(A)-RNA polymerase from the Spo0A-dependent spoIIG operon promoter. Keywords: stimulate, transcription, dependent"
104,123,Spo0A,spoIIG,"dependent, promoter","amod(promoter,Spo0A-dependent)",promoter-based regulation of transcription,INO_0000079,2,"However, the mutant was unable to stimulate transcription by final sigma(A)-RNA polymerase from the Spo0A-dependent spoIIG operon promoter.","What is the keyword that represents the  interaction between the proteins Spo0A and spoIIG in the given sentence? However, the mutant was unable to stimulate transcription by final sigma(A)-RNA polymerase from the Spo0A-dependent spoIIG operon promoter. Keywords: dependent, promoter"
105,124,sigma(A),spoIIG,stimulate transcription; ,"dobj(stimulate,transcription)",positive regulation of gene transcription,INO_0000049,2,"However, the mutant was unable to stimulate transcription by final sigma(A)-RNA polymerase from the Spo0A-dependent spoIIG operon promoter.","What is the keyword that represents the  interaction between the proteins sigma(A) and spoIIG in the given sentence? However, the mutant was unable to stimulate transcription by final sigma(A)-RNA polymerase from the Spo0A-dependent spoIIG operon promoter. Keywords: stimulate transcription; "
106,125,sigmaB,clpC,"regulated, relying on","xcomp(regulated, relying)",regulation,INO_0000157,2,The Bacillus subtilis clpC operon is regulated by two stress induction pathways relying on either sigmaB or a class III stress induction mechanism acting at a sigmaA-like promoter.,"What is the keyword that represents the  interaction between the proteins sigmaB and clpC in the given sentence? The Bacillus subtilis clpC operon is regulated by two stress induction pathways relying on either sigmaB or a class III stress induction mechanism acting at a sigmaA-like promoter. Keywords: regulated, relying on"
107,126,sigmaA,clpC,"regulated, relying on","xcomp(regulated, relying)",regulation,INO_0000157,2,The Bacillus subtilis clpC operon is regulated by two stress induction pathways relying on either sigmaB or a class III stress induction mechanism acting at a sigmaA-like promoter.,"What is the keyword that represents the  interaction between the proteins sigmaA and clpC in the given sentence? The Bacillus subtilis clpC operon is regulated by two stress induction pathways relying on either sigmaB or a class III stress induction mechanism acting at a sigmaA-like promoter. Keywords: regulated, relying on"
108,127,CtsR,clpC,"acts, repressor","nmod:as(acts,repressor)",gene expression inhibition,INO_0000085,2,"Our data demonstrate that the CtsR protein acts as a global repressor of the clpC operon, as well as other class III heat shock genes, by preventing unstressed transcription from either the sigmaB- or sigmaA-dependent promoter and might be inactivated or dissociate under inducing stress conditions.","What is the keyword that represents the  interaction between the proteins CtsR and clpC in the given sentence? Our data demonstrate that the CtsR protein acts as a global repressor of the clpC operon, as well as other class III heat shock genes, by preventing unstressed transcription from either the sigmaB- or sigmaA-dependent promoter and might be inactivated or dissociate under inducing stress conditions. Keywords: acts, repressor"
109,128,sigmaB,clpC,"preventing, transcription","dobj(preventing,transcription)",inhibition of gene transcription,INO_0000046,2,"Our data demonstrate that the CtsR protein acts as a global repressor of the clpC operon, as well as other class III heat shock genes, by preventing unstressed transcription from either the sigmaB- or sigmaA-dependent promoter and might be inactivated or dissociate under inducing stress conditions.","What is the keyword that represents the  interaction between the proteins sigmaB and clpC in the given sentence? Our data demonstrate that the CtsR protein acts as a global repressor of the clpC operon, as well as other class III heat shock genes, by preventing unstressed transcription from either the sigmaB- or sigmaA-dependent promoter and might be inactivated or dissociate under inducing stress conditions. Keywords: preventing, transcription"
110,129,sigmaA,clpC,"preventing, transcription","dobj(preventing,transcription)",inhibition of gene transcription,INO_0000046,2,"Our data demonstrate that the CtsR protein acts as a global repressor of the clpC operon, as well as other class III heat shock genes, by preventing unstressed transcription from either the sigmaB- or sigmaA-dependent promoter and might be inactivated or dissociate under inducing stress conditions.","What is the keyword that represents the  interaction between the proteins sigmaA and clpC in the given sentence? Our data demonstrate that the CtsR protein acts as a global repressor of the clpC operon, as well as other class III heat shock genes, by preventing unstressed transcription from either the sigmaB- or sigmaA-dependent promoter and might be inactivated or dissociate under inducing stress conditions. Keywords: preventing, transcription"
111,130,sigmaB,yvyD,"dependent, drives, expression, promoter",MORE THAN TWO KEYWORDS,positive regulation of transcription by binding to promoter,INO_0000072,4,"The sigmaB-dependent promoter drives expression of yvyD under stress conditions and after glucose starvation, whereas a sigmaH-dependent promoter is responsible for yvyD transcription following amino acid limitation.","What is the keyword that represents the  interaction between the proteins sigmaB and yvyD in the given sentence? The sigmaB-dependent promoter drives expression of yvyD under stress conditions and after glucose starvation, whereas a sigmaH-dependent promoter is responsible for yvyD transcription following amino acid limitation. Keywords: dependent, drives, expression, promoter"
112,133,sigmaH,yvyD,"member of, regulons","nmod:of(member, regulons)",gene expression regulation,INO_0000044,2,"This indicates that the yvyD gene product, being a member of both the sigmaB and sigmaH regulons, might negatively regulate the activity of the sigmaL regulon.","What is the keyword that represents the  interaction between the proteins sigmaH and yvyD in the given sentence? This indicates that the yvyD gene product, being a member of both the sigmaB and sigmaH regulons, might negatively regulate the activity of the sigmaL regulon. Keywords: member of, regulons"
113,134,yvyD,sigmaL,"negatively regulate, activity","dobj(regulate,activity)",negative regulation of protein activity,INO_0000067,2,"This indicates that the yvyD gene product, being a member of both the sigmaB and sigmaH regulons, might negatively regulate the activity of the sigmaL regulon.","What is the keyword that represents the  interaction between the proteins yvyD and sigmaL in the given sentence? This indicates that the yvyD gene product, being a member of both the sigmaB and sigmaH regulons, might negatively regulate the activity of the sigmaL regulon. Keywords: negatively regulate, activity"
114,136,sigma(K),ftsY,"expressed, controlled, promoter",MORE THAN TWO KEYWORDS,positive regulation of transcription by binding to promoter,INO_0000072,3,"Therefore, ftsY is solely expressed during sporulation from a sigma(K)- and GerE-controlled promoter that is located immediately upstream of ftsY inside the smc gene.","What is the keyword that represents the  interaction between the proteins sigma(K) and ftsY in the given sentence? Therefore, ftsY is solely expressed during sporulation from a sigma(K)- and GerE-controlled promoter that is located immediately upstream of ftsY inside the smc gene. Keywords: expressed, controlled, promoter"
115,137,GerE,ftsY,"expressed, controlled, promoter",MORE THAN TWO KEYWORDS,positive regulation of transcription by binding to promoter,INO_0000072,3,"Therefore, ftsY is solely expressed during sporulation from a sigma(K)- and GerE-controlled promoter that is located immediately upstream of ftsY inside the smc gene.","What is the keyword that represents the  interaction between the proteins GerE and ftsY in the given sentence? Therefore, ftsY is solely expressed during sporulation from a sigma(K)- and GerE-controlled promoter that is located immediately upstream of ftsY inside the smc gene. Keywords: expressed, controlled, promoter"
116,138,sigmaB,gsiB,"member of, regulon","nmod:of(member, regulon)",gene expression regulation,INO_0000044,2,In that respect sigB is similar to the previously described gene gsiB which is also a member of the sigmaB regulon.,"What is the keyword that represents the  interaction between the proteins sigmaB and gsiB in the given sentence? In that respect sigB is similar to the previously described gene gsiB which is also a member of the sigmaB regulon. Keywords: member of, regulon"
117,139,sigmaB,sigB,"member of, regulon","nmod:of(member, regulon)",gene expression regulation,INO_0000044,2,In that respect sigB is similar to the previously described gene gsiB which is also a member of the sigmaB regulon.,"What is the keyword that represents the  interaction between the proteins sigmaB and sigB in the given sentence? In that respect sigB is similar to the previously described gene gsiB which is also a member of the sigmaB regulon. Keywords: member of, regulon"
118,140,ClpX,sigmaH,"dependent, stimulation","amod(stimulation, ClpX-dependent)",positve regulation of protein activity,INO_0000104,2,"The addition of ClpX to in vitro transcription reactions resulted in the stimulation of RNAP holoenzyme activity, but sigmaH-RNAP was observed to be more sensitive to ClpX-dependent stimulation than sigmaA-RNAP.","What is the keyword that represents the  interaction between the proteins ClpX and sigmaH in the given sentence? The addition of ClpX to in vitro transcription reactions resulted in the stimulation of RNAP holoenzyme activity, but sigmaH-RNAP was observed to be more sensitive to ClpX-dependent stimulation than sigmaA-RNAP. Keywords: dependent, stimulation"
119,141,ClpX,sigmaA,"dependent, stimulation","amod(stimulation, ClpX-dependent)",positve regulation of protein activity,INO_0000104,2,"The addition of ClpX to in vitro transcription reactions resulted in the stimulation of RNAP holoenzyme activity, but sigmaH-RNAP was observed to be more sensitive to ClpX-dependent stimulation than sigmaA-RNAP.","What is the keyword that represents the  interaction between the proteins ClpX and sigmaA in the given sentence? The addition of ClpX to in vitro transcription reactions resulted in the stimulation of RNAP holoenzyme activity, but sigmaH-RNAP was observed to be more sensitive to ClpX-dependent stimulation than sigmaA-RNAP. Keywords: dependent, stimulation"
120,142,ClpX,sigmaH,"dependent, stimulation","amod(stimulation, ClpX-dependent)",positve regulation of protein activity,INO_0000104,2,"The addition of ClpX to in vitro transcription reactions resulted in the stimulation of RNAP holoenzyme activity, but sigmaH-RNAP was observed to be more sensitive to ClpX-dependent stimulation than sigmaA-RNAP.","What is the keyword that represents the  interaction between the proteins ClpX and sigmaH in the given sentence? The addition of ClpX to in vitro transcription reactions resulted in the stimulation of RNAP holoenzyme activity, but sigmaH-RNAP was observed to be more sensitive to ClpX-dependent stimulation than sigmaA-RNAP. Keywords: dependent, stimulation"
121,143,ClpX,sigmaA,"dependent, stimulation","amod(stimulation, ClpX-dependent)",positve regulation of protein activity,INO_0000104,2,"The addition of ClpX to in vitro transcription reactions resulted in the stimulation of RNAP holoenzyme activity, but sigmaH-RNAP was observed to be more sensitive to ClpX-dependent stimulation than sigmaA-RNAP.","What is the keyword that represents the  interaction between the proteins ClpX and sigmaA in the given sentence? The addition of ClpX to in vitro transcription reactions resulted in the stimulation of RNAP holoenzyme activity, but sigmaH-RNAP was observed to be more sensitive to ClpX-dependent stimulation than sigmaA-RNAP. Keywords: dependent, stimulation"
122,144,Spo0,spo0H,"governs, activity","dobj(governs,activity)",regulation of protein activity,INO_0000055,2,"Although spo0H is transcriptionally regulated by the key regulatory device that controls sporulation initiation, the Spo0 phosphorelay, there is considerable evidence implicating a mechanism of post-translational control that governs the activity and concentration of sigmaH.","What is the keyword that represents the  interaction between the proteins Spo0 and spo0H in the given sentence? Although spo0H is transcriptionally regulated by the key regulatory device that controls sporulation initiation, the Spo0 phosphorelay, there is considerable evidence implicating a mechanism of post-translational control that governs the activity and concentration of sigmaH. Keywords: governs, activity"
123,146,SpoIIAB,sigma G,inhibits ,ONE WORD,inhibition,INO_0000124,1,"The class includes AsiA form bacteriophage T4, which inhibits Escherichia coli sigma 70; FlgM, present in both gram-positive and gram-negative bacteria, which inhibits the flagella sigma factor sigma 28; SpoIIAB, which inhibits the sporulation-specific sigma factor, sigma F and sigma G, of Bacillus subtilis; RbsW of B. subtilis, which inhibits stress response sigma factor sigma B; and DnaK, a general regulator of the heat shock response, which in bacteria inhibits the heat shock sigma factor sigma 32.","What is the keyword that represents the  interaction between the proteins SpoIIAB and sigma G in the given sentence? The class includes AsiA form bacteriophage T4, which inhibits Escherichia coli sigma 70; FlgM, present in both gram-positive and gram-negative bacteria, which inhibits the flagella sigma factor sigma 28; SpoIIAB, which inhibits the sporulation-specific sigma factor, sigma F and sigma G, of Bacillus subtilis; RbsW of B. subtilis, which inhibits stress response sigma factor sigma B; and DnaK, a general regulator of the heat shock response, which in bacteria inhibits the heat shock sigma factor sigma 32. Keywords: inhibits "
124,147,FlgM,sigma 28,inhibits ,ONE WORD,inhibition,INO_0000124,1,"The class includes AsiA form bacteriophage T4, which inhibits Escherichia coli sigma 70; FlgM, present in both gram-positive and gram-negative bacteria, which inhibits the flagella sigma factor sigma 28; SpoIIAB, which inhibits the sporulation-specific sigma factor, sigma F and sigma G, of Bacillus subtilis; RbsW of B. subtilis, which inhibits stress response sigma factor sigma B; and DnaK, a general regulator of the heat shock response, which in bacteria inhibits the heat shock sigma factor sigma 32.","What is the keyword that represents the  interaction between the proteins FlgM and sigma 28 in the given sentence? The class includes AsiA form bacteriophage T4, which inhibits Escherichia coli sigma 70; FlgM, present in both gram-positive and gram-negative bacteria, which inhibits the flagella sigma factor sigma 28; SpoIIAB, which inhibits the sporulation-specific sigma factor, sigma F and sigma G, of Bacillus subtilis; RbsW of B. subtilis, which inhibits stress response sigma factor sigma B; and DnaK, a general regulator of the heat shock response, which in bacteria inhibits the heat shock sigma factor sigma 32. Keywords: inhibits "
125,148,RbsW,sigma B,inhibits ,ONE WORD,inhibition,INO_0000124,1,"The class includes AsiA form bacteriophage T4, which inhibits Escherichia coli sigma 70; FlgM, present in both gram-positive and gram-negative bacteria, which inhibits the flagella sigma factor sigma 28; SpoIIAB, which inhibits the sporulation-specific sigma factor, sigma F and sigma G, of Bacillus subtilis; RbsW of B. subtilis, which inhibits stress response sigma factor sigma B; and DnaK, a general regulator of the heat shock response, which in bacteria inhibits the heat shock sigma factor sigma 32.","What is the keyword that represents the  interaction between the proteins RbsW and sigma B in the given sentence? The class includes AsiA form bacteriophage T4, which inhibits Escherichia coli sigma 70; FlgM, present in both gram-positive and gram-negative bacteria, which inhibits the flagella sigma factor sigma 28; SpoIIAB, which inhibits the sporulation-specific sigma factor, sigma F and sigma G, of Bacillus subtilis; RbsW of B. subtilis, which inhibits stress response sigma factor sigma B; and DnaK, a general regulator of the heat shock response, which in bacteria inhibits the heat shock sigma factor sigma 32. Keywords: inhibits "
126,149,DnaK,sigma 32,inhibits ,ONE WORD,inhibition,INO_0000124,1,"The class includes AsiA form bacteriophage T4, which inhibits Escherichia coli sigma 70; FlgM, present in both gram-positive and gram-negative bacteria, which inhibits the flagella sigma factor sigma 28; SpoIIAB, which inhibits the sporulation-specific sigma factor, sigma F and sigma G, of Bacillus subtilis; RbsW of B. subtilis, which inhibits stress response sigma factor sigma B; and DnaK, a general regulator of the heat shock response, which in bacteria inhibits the heat shock sigma factor sigma 32.","What is the keyword that represents the  interaction between the proteins DnaK and sigma 32 in the given sentence? The class includes AsiA form bacteriophage T4, which inhibits Escherichia coli sigma 70; FlgM, present in both gram-positive and gram-negative bacteria, which inhibits the flagella sigma factor sigma 28; SpoIIAB, which inhibits the sporulation-specific sigma factor, sigma F and sigma G, of Bacillus subtilis; RbsW of B. subtilis, which inhibits stress response sigma factor sigma B; and DnaK, a general regulator of the heat shock response, which in bacteria inhibits the heat shock sigma factor sigma 32. Keywords: inhibits "
127,150,sigmaE,spoIVA,"localization, under the control",-1,regulation of protein location,INO_0000031,2,"Finally, we show that proper localization of SpoIVA required the expression of one or more genes which, like spoIVA, are under the control of the mother cell transcription factor sigmaE.","What is the keyword that represents the  interaction between the proteins sigmaE and spoIVA in the given sentence? Finally, we show that proper localization of SpoIVA required the expression of one or more genes which, like spoIVA, are under the control of the mother cell transcription factor sigmaE. Keywords: localization, under the control"
128,151,sigmaG,sspH,recognized ,ONE WORD,association,MI_0914,1,"The sspH and sspL genes are recognized primarily by the forespore-specific sigma factor for RNA polymerase, sigmaG; the sspN-tlp operon is recognized equally well by sigmaG and the other forespore-specific sigma factor, sigmaF.","What is the keyword that represents the  interaction between the proteins sigmaG and sspH in the given sentence? The sspH and sspL genes are recognized primarily by the forespore-specific sigma factor for RNA polymerase, sigmaG; the sspN-tlp operon is recognized equally well by sigmaG and the other forespore-specific sigma factor, sigmaF. Keywords: recognized "
129,153,sigmaG,sspN,recognized ,ONE WORD,association,MI_0914,1,"The sspH and sspL genes are recognized primarily by the forespore-specific sigma factor for RNA polymerase, sigmaG; the sspN-tlp operon is recognized equally well by sigmaG and the other forespore-specific sigma factor, sigmaF.","What is the keyword that represents the  interaction between the proteins sigmaG and sspN in the given sentence? The sspH and sspL genes are recognized primarily by the forespore-specific sigma factor for RNA polymerase, sigmaG; the sspN-tlp operon is recognized equally well by sigmaG and the other forespore-specific sigma factor, sigmaF. Keywords: recognized "
130,154,sigmaG,tlp,recognized ,ONE WORD,association,MI_0914,1,"The sspH and sspL genes are recognized primarily by the forespore-specific sigma factor for RNA polymerase, sigmaG; the sspN-tlp operon is recognized equally well by sigmaG and the other forespore-specific sigma factor, sigmaF.","What is the keyword that represents the  interaction between the proteins sigmaG and tlp in the given sentence? The sspH and sspL genes are recognized primarily by the forespore-specific sigma factor for RNA polymerase, sigmaG; the sspN-tlp operon is recognized equally well by sigmaG and the other forespore-specific sigma factor, sigmaF. Keywords: recognized "
131,155,sigmaF,sspN,recognized ,ONE WORD,association,MI_0914,1,"The sspH and sspL genes are recognized primarily by the forespore-specific sigma factor for RNA polymerase, sigmaG; the sspN-tlp operon is recognized equally well by sigmaG and the other forespore-specific sigma factor, sigmaF.","What is the keyword that represents the  interaction between the proteins sigmaF and sspN in the given sentence? The sspH and sspL genes are recognized primarily by the forespore-specific sigma factor for RNA polymerase, sigmaG; the sspN-tlp operon is recognized equally well by sigmaG and the other forespore-specific sigma factor, sigmaF. Keywords: recognized "
132,156,sigmaF,tlp,recognized ,ONE WORD,association,MI_0914,1,"The sspH and sspL genes are recognized primarily by the forespore-specific sigma factor for RNA polymerase, sigmaG; the sspN-tlp operon is recognized equally well by sigmaG and the other forespore-specific sigma factor, sigmaF.","What is the keyword that represents the  interaction between the proteins sigmaF and tlp in the given sentence? The sspH and sspL genes are recognized primarily by the forespore-specific sigma factor for RNA polymerase, sigmaG; the sspN-tlp operon is recognized equally well by sigmaG and the other forespore-specific sigma factor, sigmaF. Keywords: recognized "
133,158,sigma W,RacX,"regulon, includes","nsubj(includes,regulon)",gene expression regulation,INO_0000044,2,"The sigma W regulon includes a penicillin binding protein (PBP4*) and a co-transcribed amino acid racemase (RacX), homologues of signal peptide peptidase (YteI), flotillin (YuaG), ABC transporters (YknXYZ), non-haem bromoperoxidase (YdjP), epoxide hydrolase (YfhM) and three small peptides with structural similarities to bacteriocin precursor polypeptides.","What is the keyword that represents the  interaction between the proteins sigma W and RacX in the given sentence? The sigma W regulon includes a penicillin binding protein (PBP4*) and a co-transcribed amino acid racemase (RacX), homologues of signal peptide peptidase (YteI), flotillin (YuaG), ABC transporters (YknXYZ), non-haem bromoperoxidase (YdjP), epoxide hydrolase (YfhM) and three small peptides with structural similarities to bacteriocin precursor polypeptides. Keywords: regulon, includes"
134,159,sigma W,YteI,"regulon, includes","nsubj(includes,regulon)",gene expression regulation,INO_0000044,2,"The sigma W regulon includes a penicillin binding protein (PBP4*) and a co-transcribed amino acid racemase (RacX), homologues of signal peptide peptidase (YteI), flotillin (YuaG), ABC transporters (YknXYZ), non-haem bromoperoxidase (YdjP), epoxide hydrolase (YfhM) and three small peptides with structural similarities to bacteriocin precursor polypeptides.","What is the keyword that represents the  interaction between the proteins sigma W and YteI in the given sentence? The sigma W regulon includes a penicillin binding protein (PBP4*) and a co-transcribed amino acid racemase (RacX), homologues of signal peptide peptidase (YteI), flotillin (YuaG), ABC transporters (YknXYZ), non-haem bromoperoxidase (YdjP), epoxide hydrolase (YfhM) and three small peptides with structural similarities to bacteriocin precursor polypeptides. Keywords: regulon, includes"
135,160,sigma W,YuaG,"regulon, includes","nsubj(includes,regulon)",gene expression regulation,INO_0000044,2,"The sigma W regulon includes a penicillin binding protein (PBP4*) and a co-transcribed amino acid racemase (RacX), homologues of signal peptide peptidase (YteI), flotillin (YuaG), ABC transporters (YknXYZ), non-haem bromoperoxidase (YdjP), epoxide hydrolase (YfhM) and three small peptides with structural similarities to bacteriocin precursor polypeptides.","What is the keyword that represents the  interaction between the proteins sigma W and YuaG in the given sentence? The sigma W regulon includes a penicillin binding protein (PBP4*) and a co-transcribed amino acid racemase (RacX), homologues of signal peptide peptidase (YteI), flotillin (YuaG), ABC transporters (YknXYZ), non-haem bromoperoxidase (YdjP), epoxide hydrolase (YfhM) and three small peptides with structural similarities to bacteriocin precursor polypeptides. Keywords: regulon, includes"
136,161,sigma W,YknXYZ,"regulon, includes","nsubj(includes,regulon)",gene expression regulation,INO_0000044,2,"The sigma W regulon includes a penicillin binding protein (PBP4*) and a co-transcribed amino acid racemase (RacX), homologues of signal peptide peptidase (YteI), flotillin (YuaG), ABC transporters (YknXYZ), non-haem bromoperoxidase (YdjP), epoxide hydrolase (YfhM) and three small peptides with structural similarities to bacteriocin precursor polypeptides.","What is the keyword that represents the  interaction between the proteins sigma W and YknXYZ in the given sentence? The sigma W regulon includes a penicillin binding protein (PBP4*) and a co-transcribed amino acid racemase (RacX), homologues of signal peptide peptidase (YteI), flotillin (YuaG), ABC transporters (YknXYZ), non-haem bromoperoxidase (YdjP), epoxide hydrolase (YfhM) and three small peptides with structural similarities to bacteriocin precursor polypeptides. Keywords: regulon, includes"
137,162,sigma W,YdjP,"regulon, includes","nsubj(includes,regulon)",gene expression regulation,INO_0000044,2,"The sigma W regulon includes a penicillin binding protein (PBP4*) and a co-transcribed amino acid racemase (RacX), homologues of signal peptide peptidase (YteI), flotillin (YuaG), ABC transporters (YknXYZ), non-haem bromoperoxidase (YdjP), epoxide hydrolase (YfhM) and three small peptides with structural similarities to bacteriocin precursor polypeptides.","What is the keyword that represents the  interaction between the proteins sigma W and YdjP in the given sentence? The sigma W regulon includes a penicillin binding protein (PBP4*) and a co-transcribed amino acid racemase (RacX), homologues of signal peptide peptidase (YteI), flotillin (YuaG), ABC transporters (YknXYZ), non-haem bromoperoxidase (YdjP), epoxide hydrolase (YfhM) and three small peptides with structural similarities to bacteriocin precursor polypeptides. Keywords: regulon, includes"
138,163,sigma W,YfhM,"regulon, includes","nsubj(includes,regulon)",gene expression regulation,INO_0000044,2,"The sigma W regulon includes a penicillin binding protein (PBP4*) and a co-transcribed amino acid racemase (RacX), homologues of signal peptide peptidase (YteI), flotillin (YuaG), ABC transporters (YknXYZ), non-haem bromoperoxidase (YdjP), epoxide hydrolase (YfhM) and three small peptides with structural similarities to bacteriocin precursor polypeptides.","What is the keyword that represents the  interaction between the proteins sigma W and YfhM in the given sentence? The sigma W regulon includes a penicillin binding protein (PBP4*) and a co-transcribed amino acid racemase (RacX), homologues of signal peptide peptidase (YteI), flotillin (YuaG), ABC transporters (YknXYZ), non-haem bromoperoxidase (YdjP), epoxide hydrolase (YfhM) and three small peptides with structural similarities to bacteriocin precursor polypeptides. Keywords: regulon, includes"
